<?xml version="1.0" encoding="UTF-8" ?>
<document>
<!--The data in this file is primarily intended for consumption by Xilinx tools.
The structure and the elements are likely to change over the next few releases.
This means code written to parse this file will need to be revisited each subsequent release.-->
<application name="pn" timeStamp="Sat Oct 22 21:05:04 2011">
<section name="Project Information" visible="false">
<property name="ProjectID" value="6530F2FB26C641E49D318946D2E25A97" type="project"/>
<property name="ProjectIteration" value="0" type="project"/>
<property name="ProjectFile" value="C:/Users/Bangonkali/Documents/Project/electronics/fsm/simpsons_sensor/xilinx_simpsons_sensor/simpsons/simpsons.xise" type="project"/>
<property name="ProjectCreationTimestamp" value="2011-10-19T21:16:32" type="project"/>
</section>
<section name="Project Statistics" visible="true">
<property name="PROP_Enable_Message_Filtering" value="false" type="design"/>
<property name="PROP_FitterReportFormat" value="HTML" type="process"/>
<property name="PROP_LastAppliedGoal" value="Balanced" type="design"/>
<property name="PROP_LastAppliedStrategy" value="Xilinx Default (unlocked)" type="design"/>
<property name="PROP_ManualCompileOrderImp" value="false" type="design"/>
<property name="PROP_ProjectDescription" value="For more information consider the last page of this document http://goo.gl/Ig6l4." type="process"/>
<property name="PROP_PropSpecInProjFile" value="Store all values" type="design"/>
<property name="PROP_SelectedInstanceHierarchicalPath" value="/simpsons_sensor_tb" type="process"/>
<property name="PROP_Simulator" value="ISim (VHDL/Verilog)" type="design"/>
<property name="PROP_SynthTopFile" value="changed" type="process"/>
<property name="PROP_Top_Level_Module_Type" value="HDL" type="design"/>
<property name="PROP_UseSmartGuide" value="false" type="design"/>
<property name="PROP_UserConstraintEditorPreference" value="Text Editor" type="process"/>
<property name="PROP_intProjectCreationTimestamp" value="2011-10-19T21:16:32" type="design"/>
<property name="PROP_intWbtProjectID" value="6530F2FB26C641E49D318946D2E25A97" type="design"/>
<property name="PROP_intWorkingDirLocWRTProjDir" value="Same" type="design"/>
<property name="PROP_intWorkingDirUsed" value="No" type="design"/>
<property name="PROP_selectedSimRootSourceNode_behav" value="work.simpsons_sensor_tb" type="process"/>
<property name="PROP_AutoTop" value="true" type="design"/>
<property name="PROP_DevFamily" value="Artix7" type="design"/>
<property name="PROP_DevDevice" value="xc7a30t" type="design"/>
<property name="PROP_DevFamilyPMName" value="artix7" type="design"/>
<property name="PROP_DevPackage" value="csg324" type="design"/>
<property name="PROP_Synthesis_Tool" value="XST (VHDL/Verilog)" type="design"/>
<property name="PROP_DevSpeed" value="-3" type="design"/>
<property name="PROP_PreferredLanguage" value="Verilog" type="design"/>
<property name="FILE_VERILOG" value="2" type="source"/>
</section>
</application>
</document>
